ID,LABEL,NR - H1,<TITLE>,TT Chars,<META DESCRIPTION>,MD Chars,DOMAIN NAME,/,PARENT PAGE URL,/,"URL (W/OUT DOMAIN URL OR SLASHES ""/"")"
,Home,"Medical Spa: Botox, Facial Fillers, Dermal Fillers & More in Sterling, CO",Sterling Medical Spa | Botox | Facial Filler | Medical Aesthetics,65,"If you're looking for a medical spa in Sterling, then check out NECO Aesthetics! Our medical aesthetics clinic offers Botox, dermal fillers, weight loss services and more! Contact us today to set up a free consultation!",219,www.necoaesthetics.com,/,0,/,0
,BOTOX®,"BOTOX® Injections & Treatments in Sterling, CO","Sterling BOTOX® Injections | Botox Treatment Sterling, CO",57,Check out NECO Aesthetics in Sterling for your BOTOX® injection needs! Our Botox treatments can help reduce fine lines and crow's feet in the face and neck. Contact us today for a free consultation and see how Botox can help you!,229,www.necoaesthetics.com,/,0,/,sterling-co-botox-injection-treatment
,JUVÉDERM®,"JUVÉDERM® Dermal Fillers & Hyaluronic Acid Injections in Sterling, CO","JUVÉDERM® Injections Sterling, CO | Dermal & Wrinkle Fillers",60,"Click here to learn more about the JUVÉDERM® product line we offer at NECO Aesthetics in Sterling! These dermal filler varieties include lip fillers, wrinkle fillers and more to help give you timeless beauty. Learn more today!",226,www.necoaesthetics.com,/,0,/,sterling-co-juvederm-dermal-facial-fillers
,JUVÉDERM® Ultra XC,"JUVÉDERM® Ultra XC Facial Fillers in Sterling, CO",Sterling JUVÉDERM® Ultra XC Injections | Facial & Wrinkle Filler,64,"Check out NECO Aesthetics in Sterling to learn how JUVÉDERM® Ultra XC facial fillers can help reduce wrinkles. For high-quality dermal and wrinkle fillers, contact us today to see how Juvederm Ultra XC may benefit you!",218,www.necoaesthetics.com,/,sterling-co-juvederm-dermal-facial-fillers,/,juvederm-ultra-xc
,JUVÉDERM® Ultra Plus XC,"JUVÉDERM® Ultra Plus XC Facial Fillers in Sterling, CO","JUVÉDERM® Ultra Plus XC Sterling, CO | Dermal & Facial Filler",61,"If you're looking for facial or wrinkle filler services in Sterling, CO, contact NECO Aesthetics! We offer JUVÉDERM® Ultra Plus XC dermal fillers to provide long-lasting results. Call us today to set up a free consultation!",223,www.necoaesthetics.com,/,sterling-co-juvederm-dermal-facial-fillers,/,juvederm-ultra-plus-xc
,JUVÉDERM® Voluma,"JUVÉDERM® Voluma Facial & Cheek Fillers in Sterling, CO",Sterling JUVÉDERM® Voluma Dermal Filler | Facial & Cheek Filler,63,Choose NECO Aesthetics for JUVÉDERM® Voluma dermal fillers in Sterling! Juvederm Voluma is a facial and cheek filler that helps reduce the signs of age-related volume loss in the cheek area. Click here to learn more!,216,www.necoaesthetics.com,/,sterling-co-juvederm-dermal-facial-fillers,/,juvederm-voluma
,JUVÉDERM® Volbella,"JUVÉDERM® Volbella Lip Injections in Sterling, CO","JUVÉDERM® Volbella Lip Injections Sterling, CO | Lip Fillers",60,"If you want your lips to have a fuller appearance, ask about JUVÉDERM® Volbella lip injections at NECO Aesthetics in Sterling, CO! These lip fillers are tailored to add volume and smooth lip lines. Set up a free consultation today!",231,www.necoaesthetics.com,/,sterling-co-juvederm-dermal-facial-fillers,/,juvederm-volbella
,JUVÉDERM® Vollure,"JUVÉDERM® Vollure Facial Fillers in Sterling, CO","JUVÉDERM® Vollure Facial Filler in Sterling, CO | Wrinkle Filler",64,"If you want a smoother facial appearance, contact NECO Aesthetics in Sterling to ask about our facial fillers today! We offer JUVÉDERM® Vollure, a wrinkle filler that can help smooth lines and add volume. Call today to learn more!",230,www.necoaesthetics.com,/,sterling-co-juvederm-dermal-facial-fillers,/,juvederm-vollure
,Weight Loss,"Weight Loss Therapy in Sterling, CO","Sterling Weight Loss Therapy | Weight Loss Help Sterling, CO",60,"Reach out to NECO Aesthetics for weight loss help in Sterling, CO! Achieve your weight loss goals with our amazing weight loss therapy and wellness programs. Click here or contact NECO Aesthetics today to learn more!",216,www.necoaesthetics.com,/,0,/,sterling-co-weight-loss-therapy
,Therapeutic Ketones,"Therapeutic Ketones in Sterling, CO","Therapeutic Ketones Sterling, CO | Keto Diet | Ketone Supplements",65,Visit NECO Aesthetics in Sterling to learn about how therapeutic ketones can help with your ketogenic diet. Our ketone supplements work to maximize keto diet benefits for optimum results! Contact us today to learn more.,219,www.necoaesthetics.com,/,sterling-co-weight-loss-therapy,/,therapeutic-ketone-supplements
,Vitamin B12,"Vitamin B12 Injections in Sterling, CO","Sterling B12 Injections | Vitamin B12 Shots Sterling, CO",56,"If you are looking for B12 injections in Sterling, trust NECO Aesthetics! We offer vitamin B12 shots to aid in weight loss, combat fatigue and help boost energy levels and overall wellness. Click here to learn more!",215,www.necoaesthetics.com,/,0,/,sterling-co-vitamin-b12-shot-injection
,IV Therapy,"IV Hydration Therapy in Sterling, CO","Sterling IV Therapy | IV Hydration Therapy Sterling, CO",55,"Check out NECO Aesthetics for IV hydration therapy in Sterling! Our IV therapy helps with a variety of symptoms such as general fatigue, jet-lag, muscle cramping and more! Contact us today to learn what IV hydration can do for you!",231,www.necoaesthetics.com,/,0,/,sterling-co-iv-hydration-therapy
,Gallery,Gallery,Gallery | NECO Aesthetics,25,"Click here to check out previous work done by NECO Aesthetics in Sterling. We offer facial and dermal fillers, weight loss services and more! Visit to view our gallery and discover amazing examples of the services we offer.",223,www.necoaesthetics.com,/,0,/,gallery
,About Us,About our Medical Spa,About Us | NECO Aesthetics,26,"Click here to find out more about NECO Aesthetics in Sterling! We are a medical spa specializing in facial and dermal fillers, weight loss programs and more! Visit here or call today to learn what NECO Aesthetics can do for you!",228,www.necoaesthetics.com,/,0,/,about-our-medical-spa
,Contact,Contact Us,Contact Us | NECO Aesthetics,28,"NECO Aesthetics is a medical spa in Sterling, CO specializing in dermal fillers, weight loss programs and more! Visit here to find out how to contact our Sterling office to schedule an appointment or a free consultation!",220,www.necoaesthetics.com,/,0,/,contact-us
,,,,,,,,,,,
,,,,,,,,,,,
,,,,,,,,,,,
,,,,,,,,,,,
,,,,,,,,,,,
,,,,,,,,,,,
,,,,,,,,,,,
,,,,,,,,,,,
,,,,,,,,,,,
,,,,,,,,,,,
,,,,,,,,,,,
,,,,,,,,,,,
,,,,,,,,,,,
,,,,,,,,,,,
